{"trial_id": "bb2fae6eadc9a18bfce637c4099c396e", "hyperparameters": {"space": [{"class_name": "Int", "config": {"name": "num_layers", "default": null, "conditions": [], "min_value": 2, "max_value": 20, "step": 1, "sampling": null}}, {"class_name": "Int", "config": {"name": "units_0", "default": null, "conditions": [], "min_value": 32, "max_value": 512, "step": 32, "sampling": null}}, {"class_name": "Float", "config": {"name": "dropout", "default": 0.005, "conditions": [], "min_value": 0.0, "max_value": 0.1, "step": 0.01, "sampling": null}}, {"class_name": "Int", "config": {"name": "units_1", "default": null, "conditions": [], "min_value": 32, "max_value": 512, "step": 32, "sampling": null}}, {"class_name": "Choice", "config": {"name": "learning_rate", "default": 0.01, "conditions": [], "values": [0.01, 0.001, 0.0001], "ordered": true}}, {"class_name": "Int", "config": {"name": "units_2", "default": null, "conditions": [], "min_value": 32, "max_value": 512, "step": 32, "sampling": null}}, {"class_name": "Int", "config": {"name": "units_3", "default": null, "conditions": [], "min_value": 32, "max_value": 512, "step": 32, "sampling": null}}], "values": {"num_layers": 4, "units_0": 64, "dropout": 0.05, "units_1": 480, "learning_rate": 0.001, "units_2": 32, "units_3": 32}}, "metrics": {"metrics": {"loss": {"direction": "min", "observations": [{"value": [0.2031795730193456], "step": 0}]}, "accuracy": {"direction": "max", "observations": [{"value": [0.9499383370081583], "step": 0}]}, "val_loss": {"direction": "min", "observations": [{"value": [0.16118870178858438], "step": 0}]}, "val_accuracy": {"direction": "max", "observations": [{"value": [0.9504762093226115], "step": 0}]}}}, "score": 0.9504762093226115, "best_step": 0, "status": "COMPLETED"}